Insert into gtaimeio.imei (NU_IMEI_ESN,CD_PRODUTO_GEMCO,CD_PRODUTO,CD_FORNECEDOR,TX_SENHA_NETLOCK,CD_TIPO_MOVIMENTACAO,IN_KIT,CD_EMPRESA_GRUPO_TELECOM,CD_CANAL_VENDA,CD_FILIAL,DT_VENDA_CANAL,IN_PLANO_VENDA,DT_CRIACAO,DT_ULT_ATUALIZACAO,TX_PROC_USER_ATL,CD_STATUS,IN_IMEI_TA,CD_PRODUTO_SAP,CD_CANAL_VENDA_SAP,CD_FILIAL_SAP,CD_FILIAL_SAIDA,CD_TIPO_NOTA,NU_NOTA,TX_SERIE,VL_PRECO,VL_ICM,VL_MARGEM,FL_REVENDEDOR,CD_OPERADORA_CEMI,FL_IMEI_IMPEDIDO,CD_USU_RESP,NU_NOTA_DEVOLUCAO,CD_SERIE_NOTA_DEVOLUCAO,DT_CRIACAO_DEVOLUCAO,DT_ATUALIZACAO_DEVOLUCAO,DT_ENTRADA_ESTOQUE,NU_CNPJ_CLIENTE_CORP,DS_APARELHO,CD_TECNOLOGIA,FL_COMPRA_DIRETA,FL_VALIDO_SAP,FL_VALIDO_GEMCO,VL_VENDA_APARELHO_ZDEC_SAP,VL_VENDA_APARELHO_ZDEP_SAP,VL_VENDA_APARELHO_PROO_SAP,CD_TIPO_NOTA_DEVOLUCAO,CD_TIPO_MOVIMENTACAO_DEVOLUCAO,CD_AMDOCS_AGENTE_VENDA,VL_MARGEM_FIXA,FL_IMEI_LOTE,SG_ESTADO_ORIGEM,SG_ESTADO_DESTINO,CD_CENTRO_DISTRIBUICAO,CD_TIPO_DOCUMENTO,CD_CONDICAO_PAGTO,PC_IVA,PC_ICMS_UF_ORIGEM,PC_ICMS_UF_DESTINO,IN_TIPO_SUBS_TRIBUTARIA,IN_TIPO_EQUIPAMENTO,NU_DOCUMENTO_SAP,NU_IMEI_FATURADO_MULTICHIP,DT_ACERTO_FINANCEIRO,DT_ACERTO_FINANCEIRO_BACK_TOT,DT_ACERTO_FINANCEIRO_BACK_PARC) 
values ('351874083927155',null,null,133678,null,'SC',null,10,null,null,sysdate,'PRE',sysdate,sysdate,'SAP.MTAPROD','R','S','000000000000015272','C3108','3191',null,51,569110,'17',null,null,null,'N','CLGSM','N','CDR_SH.GTAIMEIO',539547,'12',null,null,null,40432544018518,'AP 4G APPLE IPHONE 6 PLUS DOURADO 16GB I','3G  ','N',null,null,null,null,null,' 51','SC','LOJA',null,'N','MG','MG','90','ZTRA',null,0,0,18,'D','MOVEL',36181097,null,null,null,null);

Insert into gtacemio.cemi_blacklist_aparelhos (NU_IMEI_ESN,DT_INCLUSAO_CEMI,CD_USUARIO_INCLUSAO,DT_ENVIO_INCLUSAO,CD_OPERADORA,NU_BO,TX_LOCAL_BO,NO_CIDADE,SG_UF,DT_BO,DT_EXCLUSAO_CEMI,CD_USUARIO_EXCLUSAO,DT_ENVIO_EXCLUSAO,NU_BO_EXCLUSAO,DT_BO_EXCLUSAO,SQ_ARQUIVO,STATUS,CD_OPERADORA_SSP) 
values ('351874083927155',sysdate,'60001',sysdate,'CLGSM','','','','GL',sysdate,null,'60001',null,'01',null,0,'R',null);

Insert into gtaimeio.msisdn_imei (NU_MSISDN,NU_IMEI_ESN) values ('11945840891','351874083927155');

Insert into gtaimeio.imei_iccid (NU_IMEI_ESN,NU_MSISDN,NU_ICCID,CD_PLANO,DT_ATIVACAO,CD_DEALER_AMDOCS,DT_PRIM_LIGACAO,IN_ULT_IMEI_UTILIZADO,IN_KIT,FL_ATIVACAO_MOBILE,CD_USU_RESP,DT_CRIACAO,DT_ULT_ATUALIZACAO,DT_PRIM_SMS,DT_ULT_LIGACAO,DT_PRIM_RECARGA) 
values ('351874083927155','11945840891','89550539110006875186',null,null,null,to_timestamp('03/07/2012 00:00:00','DD/MM/RR HH24:MI:SSXFF'),'N','N','N','CDR_SH.MTAPROD',to_timestamp('26/07/2012 11:07:41','DD/MM/RR HH24:MI:SSXFF'),to_timestamp('26/07/2012 11:07:41','DD/MM/RR HH24:MI:SSXFF'),null,null,null);


Insert into gtaimeio.imei (NU_IMEI_ESN,CD_PRODUTO_GEMCO,CD_PRODUTO,CD_FORNECEDOR,TX_SENHA_NETLOCK,CD_TIPO_MOVIMENTACAO,IN_KIT,CD_EMPRESA_GRUPO_TELECOM,CD_CANAL_VENDA,CD_FILIAL,DT_VENDA_CANAL,IN_PLANO_VENDA,DT_CRIACAO,DT_ULT_ATUALIZACAO,TX_PROC_USER_ATL,CD_STATUS,IN_IMEI_TA,CD_PRODUTO_SAP,CD_CANAL_VENDA_SAP,CD_FILIAL_SAP,CD_FILIAL_SAIDA,CD_TIPO_NOTA,NU_NOTA,TX_SERIE,VL_PRECO,VL_ICM,VL_MARGEM,FL_REVENDEDOR,CD_OPERADORA_CEMI,FL_IMEI_IMPEDIDO,CD_USU_RESP,NU_NOTA_DEVOLUCAO,CD_SERIE_NOTA_DEVOLUCAO,DT_CRIACAO_DEVOLUCAO,DT_ATUALIZACAO_DEVOLUCAO,DT_ENTRADA_ESTOQUE,NU_CNPJ_CLIENTE_CORP,DS_APARELHO,CD_TECNOLOGIA,FL_COMPRA_DIRETA,FL_VALIDO_SAP,FL_VALIDO_GEMCO,VL_VENDA_APARELHO_ZDEC_SAP,VL_VENDA_APARELHO_ZDEP_SAP,VL_VENDA_APARELHO_PROO_SAP,CD_TIPO_NOTA_DEVOLUCAO,CD_TIPO_MOVIMENTACAO_DEVOLUCAO,CD_AMDOCS_AGENTE_VENDA,VL_MARGEM_FIXA,FL_IMEI_LOTE,SG_ESTADO_ORIGEM,SG_ESTADO_DESTINO,CD_CENTRO_DISTRIBUICAO,CD_TIPO_DOCUMENTO,CD_CONDICAO_PAGTO,PC_IVA,PC_ICMS_UF_ORIGEM,PC_ICMS_UF_DESTINO,IN_TIPO_SUBS_TRIBUTARIA,IN_TIPO_EQUIPAMENTO,NU_DOCUMENTO_SAP,NU_IMEI_FATURADO_MULTICHIP,DT_ACERTO_FINANCEIRO,DT_ACERTO_FINANCEIRO_BACK_TOT,DT_ACERTO_FINANCEIRO_BACK_PARC) 
values ('351874084976730',null,null,133678,null,'SC',null,10,null,null,sysdate,'PRE',sysdate,sysdate,'SAP.MTAPROD','R','S','000000000000015272','C3108','3191',null,51,569110,'17',null,null,null,'N','CLGSM','N','CDR_SH.GTAIMEIO',539547,'12',null,null,null,40432544018518,'AP 4G APPLE IPHONE 6 PLUS DOURADO 16GB I','3G  ','N',null,null,null,null,null,' 51','SC','LOJA',null,'N','MG','MG','90','ZTRA',null,0,0,18,'D','MOVEL',36181097,null,null,null,null);

Insert into gtacemio.cemi_blacklist_aparelhos (NU_IMEI_ESN,DT_INCLUSAO_CEMI,CD_USUARIO_INCLUSAO,DT_ENVIO_INCLUSAO,CD_OPERADORA,NU_BO,TX_LOCAL_BO,NO_CIDADE,SG_UF,DT_BO,DT_EXCLUSAO_CEMI,CD_USUARIO_EXCLUSAO,DT_ENVIO_EXCLUSAO,NU_BO_EXCLUSAO,DT_BO_EXCLUSAO,SQ_ARQUIVO,STATUS,CD_OPERADORA_SSP) 
values ('351874084976730',sysdate,'60001',sysdate,'CLGSM','','','','GL',sysdate,null,'60001',null,'01',null,0,'R',null);

Insert into gtaimeio.msisdn_imei (NU_MSISDN,NU_IMEI_ESN) values ('11945840626','351874084976730');

Insert into gtaimeio.imei_iccid (NU_IMEI_ESN,NU_MSISDN,NU_ICCID,CD_PLANO,DT_ATIVACAO,CD_DEALER_AMDOCS,DT_PRIM_LIGACAO,IN_ULT_IMEI_UTILIZADO,IN_KIT,FL_ATIVACAO_MOBILE,CD_USU_RESP,DT_CRIACAO,DT_ULT_ATUALIZACAO,DT_PRIM_SMS,DT_ULT_LIGACAO,DT_PRIM_RECARGA) 
values ('351874084976730','11945840626','89550539190004173040',null,null,null,to_timestamp('03/07/2012 00:00:00','DD/MM/RR HH24:MI:SSXFF'),'N','N','N','CDR_SH.MTAPROD',to_timestamp('26/07/2012 11:07:41','DD/MM/RR HH24:MI:SSXFF'),to_timestamp('26/07/2012 11:07:41','DD/MM/RR HH24:MI:SSXFF'),null,null,null);


Insert into gtaimeio.imei (NU_IMEI_ESN,CD_PRODUTO_GEMCO,CD_PRODUTO,CD_FORNECEDOR,TX_SENHA_NETLOCK,CD_TIPO_MOVIMENTACAO,IN_KIT,CD_EMPRESA_GRUPO_TELECOM,CD_CANAL_VENDA,CD_FILIAL,DT_VENDA_CANAL,IN_PLANO_VENDA,DT_CRIACAO,DT_ULT_ATUALIZACAO,TX_PROC_USER_ATL,CD_STATUS,IN_IMEI_TA,CD_PRODUTO_SAP,CD_CANAL_VENDA_SAP,CD_FILIAL_SAP,CD_FILIAL_SAIDA,CD_TIPO_NOTA,NU_NOTA,TX_SERIE,VL_PRECO,VL_ICM,VL_MARGEM,FL_REVENDEDOR,CD_OPERADORA_CEMI,FL_IMEI_IMPEDIDO,CD_USU_RESP,NU_NOTA_DEVOLUCAO,CD_SERIE_NOTA_DEVOLUCAO,DT_CRIACAO_DEVOLUCAO,DT_ATUALIZACAO_DEVOLUCAO,DT_ENTRADA_ESTOQUE,NU_CNPJ_CLIENTE_CORP,DS_APARELHO,CD_TECNOLOGIA,FL_COMPRA_DIRETA,FL_VALIDO_SAP,FL_VALIDO_GEMCO,VL_VENDA_APARELHO_ZDEC_SAP,VL_VENDA_APARELHO_ZDEP_SAP,VL_VENDA_APARELHO_PROO_SAP,CD_TIPO_NOTA_DEVOLUCAO,CD_TIPO_MOVIMENTACAO_DEVOLUCAO,CD_AMDOCS_AGENTE_VENDA,VL_MARGEM_FIXA,FL_IMEI_LOTE,SG_ESTADO_ORIGEM,SG_ESTADO_DESTINO,CD_CENTRO_DISTRIBUICAO,CD_TIPO_DOCUMENTO,CD_CONDICAO_PAGTO,PC_IVA,PC_ICMS_UF_ORIGEM,PC_ICMS_UF_DESTINO,IN_TIPO_SUBS_TRIBUTARIA,IN_TIPO_EQUIPAMENTO,NU_DOCUMENTO_SAP,NU_IMEI_FATURADO_MULTICHIP,DT_ACERTO_FINANCEIRO,DT_ACERTO_FINANCEIRO_BACK_TOT,DT_ACERTO_FINANCEIRO_BACK_PARC) 
values ('359230060134137',null,null,133678,null,'SC',null,10,null,null,sysdate,'PRE',sysdate,sysdate,'SAP.MTAPROD','R','S','000000000000015272','C3108','3191',null,51,569110,'17',null,null,null,'N','CLGSM','N','CDR_SH.GTAIMEIO',539547,'12',null,null,null,40432544018518,'AP 4G APPLE IPHONE 6 PLUS DOURADO 16GB I','3G  ','N',null,null,null,null,null,' 51','SC','LOJA',null,'N','MG','MG','90','ZTRA',null,0,0,18,'D','MOVEL',36181097,null,null,null,null);

Insert into gtacemio.cemi_blacklist_aparelhos (NU_IMEI_ESN,DT_INCLUSAO_CEMI,CD_USUARIO_INCLUSAO,DT_ENVIO_INCLUSAO,CD_OPERADORA,NU_BO,TX_LOCAL_BO,NO_CIDADE,SG_UF,DT_BO,DT_EXCLUSAO_CEMI,CD_USUARIO_EXCLUSAO,DT_ENVIO_EXCLUSAO,NU_BO_EXCLUSAO,DT_BO_EXCLUSAO,SQ_ARQUIVO,STATUS,CD_OPERADORA_SSP) 
values ('359230060134137',sysdate,'60001',sysdate,'CLGSM','','','','GL',sysdate,null,'60001',null,'01',null,0,'R',null);

Insert into gtaimeio.msisdn_imei (NU_MSISDN,NU_IMEI_ESN) values ('11945840871','359230060134137');

Insert into gtaimeio.imei_iccid (NU_IMEI_ESN,NU_MSISDN,NU_ICCID,CD_PLANO,DT_ATIVACAO,CD_DEALER_AMDOCS,DT_PRIM_LIGACAO,IN_ULT_IMEI_UTILIZADO,IN_KIT,FL_ATIVACAO_MOBILE,CD_USU_RESP,DT_CRIACAO,DT_ULT_ATUALIZACAO,DT_PRIM_SMS,DT_ULT_LIGACAO,DT_PRIM_RECARGA) 
values ('359230060134137','11945840871','89550539110006875327',null,null,null,to_timestamp('03/07/2012 00:00:00','DD/MM/RR HH24:MI:SSXFF'),'N','N','N','CDR_SH.MTAPROD',to_timestamp('26/07/2012 11:07:41','DD/MM/RR HH24:MI:SSXFF'),to_timestamp('26/07/2012 11:07:41','DD/MM/RR HH24:MI:SSXFF'),null,null,null);


Insert into gtaimeio.imei (NU_IMEI_ESN,CD_PRODUTO_GEMCO,CD_PRODUTO,CD_FORNECEDOR,TX_SENHA_NETLOCK,CD_TIPO_MOVIMENTACAO,IN_KIT,CD_EMPRESA_GRUPO_TELECOM,CD_CANAL_VENDA,CD_FILIAL,DT_VENDA_CANAL,IN_PLANO_VENDA,DT_CRIACAO,DT_ULT_ATUALIZACAO,TX_PROC_USER_ATL,CD_STATUS,IN_IMEI_TA,CD_PRODUTO_SAP,CD_CANAL_VENDA_SAP,CD_FILIAL_SAP,CD_FILIAL_SAIDA,CD_TIPO_NOTA,NU_NOTA,TX_SERIE,VL_PRECO,VL_ICM,VL_MARGEM,FL_REVENDEDOR,CD_OPERADORA_CEMI,FL_IMEI_IMPEDIDO,CD_USU_RESP,NU_NOTA_DEVOLUCAO,CD_SERIE_NOTA_DEVOLUCAO,DT_CRIACAO_DEVOLUCAO,DT_ATUALIZACAO_DEVOLUCAO,DT_ENTRADA_ESTOQUE,NU_CNPJ_CLIENTE_CORP,DS_APARELHO,CD_TECNOLOGIA,FL_COMPRA_DIRETA,FL_VALIDO_SAP,FL_VALIDO_GEMCO,VL_VENDA_APARELHO_ZDEC_SAP,VL_VENDA_APARELHO_ZDEP_SAP,VL_VENDA_APARELHO_PROO_SAP,CD_TIPO_NOTA_DEVOLUCAO,CD_TIPO_MOVIMENTACAO_DEVOLUCAO,CD_AMDOCS_AGENTE_VENDA,VL_MARGEM_FIXA,FL_IMEI_LOTE,SG_ESTADO_ORIGEM,SG_ESTADO_DESTINO,CD_CENTRO_DISTRIBUICAO,CD_TIPO_DOCUMENTO,CD_CONDICAO_PAGTO,PC_IVA,PC_ICMS_UF_ORIGEM,PC_ICMS_UF_DESTINO,IN_TIPO_SUBS_TRIBUTARIA,IN_TIPO_EQUIPAMENTO,NU_DOCUMENTO_SAP,NU_IMEI_FATURADO_MULTICHIP,DT_ACERTO_FINANCEIRO,DT_ACERTO_FINANCEIRO_BACK_TOT,DT_ACERTO_FINANCEIRO_BACK_PARC) 
values ('359300060299071',null,null,133678,null,'SC',null,10,null,null,sysdate,'PRE',sysdate,sysdate,'SAP.MTAPROD','R','S','000000000000015272','C3108','3191',null,51,569110,'17',null,null,null,'N','CLGSM','N','CDR_SH.GTAIMEIO',539547,'12',null,null,null,40432544018518,'AP 4G APPLE IPHONE 6 PLUS DOURADO 16GB I','3G  ','N',null,null,null,null,null,' 51','SC','LOJA',null,'N','MG','MG','90','ZTRA',null,0,0,18,'D','MOVEL',36181097,null,null,null,null);

Insert into gtacemio.cemi_blacklist_aparelhos (NU_IMEI_ESN,DT_INCLUSAO_CEMI,CD_USUARIO_INCLUSAO,DT_ENVIO_INCLUSAO,CD_OPERADORA,NU_BO,TX_LOCAL_BO,NO_CIDADE,SG_UF,DT_BO,DT_EXCLUSAO_CEMI,CD_USUARIO_EXCLUSAO,DT_ENVIO_EXCLUSAO,NU_BO_EXCLUSAO,DT_BO_EXCLUSAO,SQ_ARQUIVO,STATUS,CD_OPERADORA_SSP) 
values ('359300060299071',sysdate,'60001',sysdate,'CLGSM','','','','GL',sysdate,null,'60001',null,'01',null,0,'R',null);

Insert into gtaimeio.msisdn_imei (NU_MSISDN,NU_IMEI_ESN) values ('11945840884','359300060299071');

Insert into gtaimeio.imei_iccid (NU_IMEI_ESN,NU_MSISDN,NU_ICCID,CD_PLANO,DT_ATIVACAO,CD_DEALER_AMDOCS,DT_PRIM_LIGACAO,IN_ULT_IMEI_UTILIZADO,IN_KIT,FL_ATIVACAO_MOBILE,CD_USU_RESP,DT_CRIACAO,DT_ULT_ATUALIZACAO,DT_PRIM_SMS,DT_ULT_LIGACAO,DT_PRIM_RECARGA) 
values ('359300060299071','11945840884','89550539110006875442',null,null,null,to_timestamp('03/07/2012 00:00:00','DD/MM/RR HH24:MI:SSXFF'),'N','N','N','CDR_SH.MTAPROD',to_timestamp('26/07/2012 11:07:41','DD/MM/RR HH24:MI:SSXFF'),to_timestamp('26/07/2012 11:07:41','DD/MM/RR HH24:MI:SSXFF'),null,null,null);


Insert into gtaimeio.imei (NU_IMEI_ESN,CD_PRODUTO_GEMCO,CD_PRODUTO,CD_FORNECEDOR,TX_SENHA_NETLOCK,CD_TIPO_MOVIMENTACAO,IN_KIT,CD_EMPRESA_GRUPO_TELECOM,CD_CANAL_VENDA,CD_FILIAL,DT_VENDA_CANAL,IN_PLANO_VENDA,DT_CRIACAO,DT_ULT_ATUALIZACAO,TX_PROC_USER_ATL,CD_STATUS,IN_IMEI_TA,CD_PRODUTO_SAP,CD_CANAL_VENDA_SAP,CD_FILIAL_SAP,CD_FILIAL_SAIDA,CD_TIPO_NOTA,NU_NOTA,TX_SERIE,VL_PRECO,VL_ICM,VL_MARGEM,FL_REVENDEDOR,CD_OPERADORA_CEMI,FL_IMEI_IMPEDIDO,CD_USU_RESP,NU_NOTA_DEVOLUCAO,CD_SERIE_NOTA_DEVOLUCAO,DT_CRIACAO_DEVOLUCAO,DT_ATUALIZACAO_DEVOLUCAO,DT_ENTRADA_ESTOQUE,NU_CNPJ_CLIENTE_CORP,DS_APARELHO,CD_TECNOLOGIA,FL_COMPRA_DIRETA,FL_VALIDO_SAP,FL_VALIDO_GEMCO,VL_VENDA_APARELHO_ZDEC_SAP,VL_VENDA_APARELHO_ZDEP_SAP,VL_VENDA_APARELHO_PROO_SAP,CD_TIPO_NOTA_DEVOLUCAO,CD_TIPO_MOVIMENTACAO_DEVOLUCAO,CD_AMDOCS_AGENTE_VENDA,VL_MARGEM_FIXA,FL_IMEI_LOTE,SG_ESTADO_ORIGEM,SG_ESTADO_DESTINO,CD_CENTRO_DISTRIBUICAO,CD_TIPO_DOCUMENTO,CD_CONDICAO_PAGTO,PC_IVA,PC_ICMS_UF_ORIGEM,PC_ICMS_UF_DESTINO,IN_TIPO_SUBS_TRIBUTARIA,IN_TIPO_EQUIPAMENTO,NU_DOCUMENTO_SAP,NU_IMEI_FATURADO_MULTICHIP,DT_ACERTO_FINANCEIRO,DT_ACERTO_FINANCEIRO_BACK_TOT,DT_ACERTO_FINANCEIRO_BACK_PARC) 
values ('351874083927072',null,null,133678,null,'SC',null,10,null,null,sysdate,'PRE',sysdate,sysdate,'SAP.MTAPROD','R','S','000000000000015272','C3108','3191',null,51,569110,'17',null,null,null,'N','CLGSM','N','CDR_SH.GTAIMEIO',539547,'12',null,null,null,40432544018518,'AP 4G APPLE IPHONE 6 PLUS DOURADO 16GB I','3G  ','N',null,null,null,null,null,' 51','SC','LOJA',null,'N','MG','MG','90','ZTRA',null,0,0,18,'D','MOVEL',36181097,null,null,null,null);

Insert into gtacemio.cemi_blacklist_aparelhos (NU_IMEI_ESN,DT_INCLUSAO_CEMI,CD_USUARIO_INCLUSAO,DT_ENVIO_INCLUSAO,CD_OPERADORA,NU_BO,TX_LOCAL_BO,NO_CIDADE,SG_UF,DT_BO,DT_EXCLUSAO_CEMI,CD_USUARIO_EXCLUSAO,DT_ENVIO_EXCLUSAO,NU_BO_EXCLUSAO,DT_BO_EXCLUSAO,SQ_ARQUIVO,STATUS,CD_OPERADORA_SSP) 
values ('351874083927072',sysdate,'60001',sysdate,'CLGSM','','','','GL',sysdate,null,'60001',null,'01',null,0,'R',null);

Insert into gtaimeio.msisdn_imei (NU_MSISDN,NU_IMEI_ESN) values ('11945840839','351874083927072');

Insert into gtaimeio.imei_iccid (NU_IMEI_ESN,NU_MSISDN,NU_ICCID,CD_PLANO,DT_ATIVACAO,CD_DEALER_AMDOCS,DT_PRIM_LIGACAO,IN_ULT_IMEI_UTILIZADO,IN_KIT,FL_ATIVACAO_MOBILE,CD_USU_RESP,DT_CRIACAO,DT_ULT_ATUALIZACAO,DT_PRIM_SMS,DT_ULT_LIGACAO,DT_PRIM_RECARGA) 
values ('351874083927072','11945840839','89550539110006875467',null,null,null,to_timestamp('03/07/2012 00:00:00','DD/MM/RR HH24:MI:SSXFF'),'N','N','N','CDR_SH.MTAPROD',to_timestamp('26/07/2012 11:07:41','DD/MM/RR HH24:MI:SSXFF'),to_timestamp('26/07/2012 11:07:41','DD/MM/RR HH24:MI:SSXFF'),null,null,null);


Insert into gtaimeio.imei (NU_IMEI_ESN,CD_PRODUTO_GEMCO,CD_PRODUTO,CD_FORNECEDOR,TX_SENHA_NETLOCK,CD_TIPO_MOVIMENTACAO,IN_KIT,CD_EMPRESA_GRUPO_TELECOM,CD_CANAL_VENDA,CD_FILIAL,DT_VENDA_CANAL,IN_PLANO_VENDA,DT_CRIACAO,DT_ULT_ATUALIZACAO,TX_PROC_USER_ATL,CD_STATUS,IN_IMEI_TA,CD_PRODUTO_SAP,CD_CANAL_VENDA_SAP,CD_FILIAL_SAP,CD_FILIAL_SAIDA,CD_TIPO_NOTA,NU_NOTA,TX_SERIE,VL_PRECO,VL_ICM,VL_MARGEM,FL_REVENDEDOR,CD_OPERADORA_CEMI,FL_IMEI_IMPEDIDO,CD_USU_RESP,NU_NOTA_DEVOLUCAO,CD_SERIE_NOTA_DEVOLUCAO,DT_CRIACAO_DEVOLUCAO,DT_ATUALIZACAO_DEVOLUCAO,DT_ENTRADA_ESTOQUE,NU_CNPJ_CLIENTE_CORP,DS_APARELHO,CD_TECNOLOGIA,FL_COMPRA_DIRETA,FL_VALIDO_SAP,FL_VALIDO_GEMCO,VL_VENDA_APARELHO_ZDEC_SAP,VL_VENDA_APARELHO_ZDEP_SAP,VL_VENDA_APARELHO_PROO_SAP,CD_TIPO_NOTA_DEVOLUCAO,CD_TIPO_MOVIMENTACAO_DEVOLUCAO,CD_AMDOCS_AGENTE_VENDA,VL_MARGEM_FIXA,FL_IMEI_LOTE,SG_ESTADO_ORIGEM,SG_ESTADO_DESTINO,CD_CENTRO_DISTRIBUICAO,CD_TIPO_DOCUMENTO,CD_CONDICAO_PAGTO,PC_IVA,PC_ICMS_UF_ORIGEM,PC_ICMS_UF_DESTINO,IN_TIPO_SUBS_TRIBUTARIA,IN_TIPO_EQUIPAMENTO,NU_DOCUMENTO_SAP,NU_IMEI_FATURADO_MULTICHIP,DT_ACERTO_FINANCEIRO,DT_ACERTO_FINANCEIRO_BACK_TOT,DT_ACERTO_FINANCEIRO_BACK_PARC) 
values ('351874083936131',null,null,133678,null,'SC',null,10,null,null,sysdate,'PRE',sysdate,sysdate,'SAP.MTAPROD','R','S','000000000000015272','C3108','3191',null,51,569110,'17',null,null,null,'N','CLGSM','N','CDR_SH.GTAIMEIO',539547,'12',null,null,null,40432544018518,'AP 4G APPLE IPHONE 6 PLUS DOURADO 16GB I','3G  ','N',null,null,null,null,null,' 51','SC','LOJA',null,'N','MG','MG','90','ZTRA',null,0,0,18,'D','MOVEL',36181097,null,null,null,null);

Insert into gtacemio.cemi_blacklist_aparelhos (NU_IMEI_ESN,DT_INCLUSAO_CEMI,CD_USUARIO_INCLUSAO,DT_ENVIO_INCLUSAO,CD_OPERADORA,NU_BO,TX_LOCAL_BO,NO_CIDADE,SG_UF,DT_BO,DT_EXCLUSAO_CEMI,CD_USUARIO_EXCLUSAO,DT_ENVIO_EXCLUSAO,NU_BO_EXCLUSAO,DT_BO_EXCLUSAO,SQ_ARQUIVO,STATUS,CD_OPERADORA_SSP) 
values ('351874083936131',sysdate,'60001',sysdate,'CLGSM','','','','GL',sysdate,null,'60001',null,'01',null,0,'R',null);

Insert into gtaimeio.msisdn_imei (NU_MSISDN,NU_IMEI_ESN) values ('11945840837','351874083936131');

Insert into gtaimeio.imei_iccid (NU_IMEI_ESN,NU_MSISDN,NU_ICCID,CD_PLANO,DT_ATIVACAO,CD_DEALER_AMDOCS,DT_PRIM_LIGACAO,IN_ULT_IMEI_UTILIZADO,IN_KIT,FL_ATIVACAO_MOBILE,CD_USU_RESP,DT_CRIACAO,DT_ULT_ATUALIZACAO,DT_PRIM_SMS,DT_ULT_LIGACAO,DT_PRIM_RECARGA) 
values ('351874083936131','11945840837','89550539110006875137',null,null,null,to_timestamp('03/07/2012 00:00:00','DD/MM/RR HH24:MI:SSXFF'),'N','N','N','CDR_SH.MTAPROD',to_timestamp('26/07/2012 11:07:41','DD/MM/RR HH24:MI:SSXFF'),to_timestamp('26/07/2012 11:07:41','DD/MM/RR HH24:MI:SSXFF'),null,null,null);


Insert into gtaimeio.imei (NU_IMEI_ESN,CD_PRODUTO_GEMCO,CD_PRODUTO,CD_FORNECEDOR,TX_SENHA_NETLOCK,CD_TIPO_MOVIMENTACAO,IN_KIT,CD_EMPRESA_GRUPO_TELECOM,CD_CANAL_VENDA,CD_FILIAL,DT_VENDA_CANAL,IN_PLANO_VENDA,DT_CRIACAO,DT_ULT_ATUALIZACAO,TX_PROC_USER_ATL,CD_STATUS,IN_IMEI_TA,CD_PRODUTO_SAP,CD_CANAL_VENDA_SAP,CD_FILIAL_SAP,CD_FILIAL_SAIDA,CD_TIPO_NOTA,NU_NOTA,TX_SERIE,VL_PRECO,VL_ICM,VL_MARGEM,FL_REVENDEDOR,CD_OPERADORA_CEMI,FL_IMEI_IMPEDIDO,CD_USU_RESP,NU_NOTA_DEVOLUCAO,CD_SERIE_NOTA_DEVOLUCAO,DT_CRIACAO_DEVOLUCAO,DT_ATUALIZACAO_DEVOLUCAO,DT_ENTRADA_ESTOQUE,NU_CNPJ_CLIENTE_CORP,DS_APARELHO,CD_TECNOLOGIA,FL_COMPRA_DIRETA,FL_VALIDO_SAP,FL_VALIDO_GEMCO,VL_VENDA_APARELHO_ZDEC_SAP,VL_VENDA_APARELHO_ZDEP_SAP,VL_VENDA_APARELHO_PROO_SAP,CD_TIPO_NOTA_DEVOLUCAO,CD_TIPO_MOVIMENTACAO_DEVOLUCAO,CD_AMDOCS_AGENTE_VENDA,VL_MARGEM_FIXA,FL_IMEI_LOTE,SG_ESTADO_ORIGEM,SG_ESTADO_DESTINO,CD_CENTRO_DISTRIBUICAO,CD_TIPO_DOCUMENTO,CD_CONDICAO_PAGTO,PC_IVA,PC_ICMS_UF_ORIGEM,PC_ICMS_UF_DESTINO,IN_TIPO_SUBS_TRIBUTARIA,IN_TIPO_EQUIPAMENTO,NU_DOCUMENTO_SAP,NU_IMEI_FATURADO_MULTICHIP,DT_ACERTO_FINANCEIRO,DT_ACERTO_FINANCEIRO_BACK_TOT,DT_ACERTO_FINANCEIRO_BACK_PARC) 
values ('351874083940174',null,null,133678,null,'SC',null,10,null,null,sysdate,'PRE',sysdate,sysdate,'SAP.MTAPROD','R','S','000000000000015272','C3108','3191',null,51,569110,'17',null,null,null,'N','CLGSM','N','CDR_SH.GTAIMEIO',539547,'12',null,null,null,40432544018518,'AP 4G APPLE IPHONE 6 PLUS DOURADO 16GB I','3G  ','N',null,null,null,null,null,' 51','SC','LOJA',null,'N','MG','MG','90','ZTRA',null,0,0,18,'D','MOVEL',36181097,null,null,null,null);

Insert into gtacemio.cemi_blacklist_aparelhos (NU_IMEI_ESN,DT_INCLUSAO_CEMI,CD_USUARIO_INCLUSAO,DT_ENVIO_INCLUSAO,CD_OPERADORA,NU_BO,TX_LOCAL_BO,NO_CIDADE,SG_UF,DT_BO,DT_EXCLUSAO_CEMI,CD_USUARIO_EXCLUSAO,DT_ENVIO_EXCLUSAO,NU_BO_EXCLUSAO,DT_BO_EXCLUSAO,SQ_ARQUIVO,STATUS,CD_OPERADORA_SSP) 
values ('351874083940174',sysdate,'60001',sysdate,'CLGSM','','','','GL',sysdate,null,'60001',null,'01',null,0,'R',null);

Insert into gtaimeio.msisdn_imei (NU_MSISDN,NU_IMEI_ESN) values ('11945840894','351874083940174');

Insert into gtaimeio.imei_iccid (NU_IMEI_ESN,NU_MSISDN,NU_ICCID,CD_PLANO,DT_ATIVACAO,CD_DEALER_AMDOCS,DT_PRIM_LIGACAO,IN_ULT_IMEI_UTILIZADO,IN_KIT,FL_ATIVACAO_MOBILE,CD_USU_RESP,DT_CRIACAO,DT_ULT_ATUALIZACAO,DT_PRIM_SMS,DT_ULT_LIGACAO,DT_PRIM_RECARGA) 
values ('351874083940174','11945840894','89550539110006875160',null,null,null,to_timestamp('03/07/2012 00:00:00','DD/MM/RR HH24:MI:SSXFF'),'N','N','N','CDR_SH.MTAPROD',to_timestamp('26/07/2012 11:07:41','DD/MM/RR HH24:MI:SSXFF'),to_timestamp('26/07/2012 11:07:41','DD/MM/RR HH24:MI:SSXFF'),null,null,null);


Insert into gtaimeio.imei (NU_IMEI_ESN,CD_PRODUTO_GEMCO,CD_PRODUTO,CD_FORNECEDOR,TX_SENHA_NETLOCK,CD_TIPO_MOVIMENTACAO,IN_KIT,CD_EMPRESA_GRUPO_TELECOM,CD_CANAL_VENDA,CD_FILIAL,DT_VENDA_CANAL,IN_PLANO_VENDA,DT_CRIACAO,DT_ULT_ATUALIZACAO,TX_PROC_USER_ATL,CD_STATUS,IN_IMEI_TA,CD_PRODUTO_SAP,CD_CANAL_VENDA_SAP,CD_FILIAL_SAP,CD_FILIAL_SAIDA,CD_TIPO_NOTA,NU_NOTA,TX_SERIE,VL_PRECO,VL_ICM,VL_MARGEM,FL_REVENDEDOR,CD_OPERADORA_CEMI,FL_IMEI_IMPEDIDO,CD_USU_RESP,NU_NOTA_DEVOLUCAO,CD_SERIE_NOTA_DEVOLUCAO,DT_CRIACAO_DEVOLUCAO,DT_ATUALIZACAO_DEVOLUCAO,DT_ENTRADA_ESTOQUE,NU_CNPJ_CLIENTE_CORP,DS_APARELHO,CD_TECNOLOGIA,FL_COMPRA_DIRETA,FL_VALIDO_SAP,FL_VALIDO_GEMCO,VL_VENDA_APARELHO_ZDEC_SAP,VL_VENDA_APARELHO_ZDEP_SAP,VL_VENDA_APARELHO_PROO_SAP,CD_TIPO_NOTA_DEVOLUCAO,CD_TIPO_MOVIMENTACAO_DEVOLUCAO,CD_AMDOCS_AGENTE_VENDA,VL_MARGEM_FIXA,FL_IMEI_LOTE,SG_ESTADO_ORIGEM,SG_ESTADO_DESTINO,CD_CENTRO_DISTRIBUICAO,CD_TIPO_DOCUMENTO,CD_CONDICAO_PAGTO,PC_IVA,PC_ICMS_UF_ORIGEM,PC_ICMS_UF_DESTINO,IN_TIPO_SUBS_TRIBUTARIA,IN_TIPO_EQUIPAMENTO,NU_DOCUMENTO_SAP,NU_IMEI_FATURADO_MULTICHIP,DT_ACERTO_FINANCEIRO,DT_ACERTO_FINANCEIRO_BACK_TOT,DT_ACERTO_FINANCEIRO_BACK_PARC) 
values ('12427003315430',null,null,133678,null,'SC',null,10,null,null,sysdate,'PRE',sysdate,sysdate,'SAP.MTAPROD','R','S','000000000000015272','C3108','3191',null,51,569110,'17',null,null,null,'N','CLGSM','N','CDR_SH.GTAIMEIO',539547,'12',null,null,null,40432544018518,'AP 4G APPLE IPHONE 6 PLUS DOURADO 16GB I','3G  ','N',null,null,null,null,null,' 51','SC','LOJA',null,'N','MG','MG','90','ZTRA',null,0,0,18,'D','MOVEL',36181097,null,null,null,null);

Insert into gtacemio.cemi_blacklist_aparelhos (NU_IMEI_ESN,DT_INCLUSAO_CEMI,CD_USUARIO_INCLUSAO,DT_ENVIO_INCLUSAO,CD_OPERADORA,NU_BO,TX_LOCAL_BO,NO_CIDADE,SG_UF,DT_BO,DT_EXCLUSAO_CEMI,CD_USUARIO_EXCLUSAO,DT_ENVIO_EXCLUSAO,NU_BO_EXCLUSAO,DT_BO_EXCLUSAO,SQ_ARQUIVO,STATUS,CD_OPERADORA_SSP) 
values ('12427003315430',sysdate,'60001',sysdate,'CLGSM','','','','GL',sysdate,null,'60001',null,'01',null,0,'R',null);

Insert into gtaimeio.msisdn_imei (NU_MSISDN,NU_IMEI_ESN) values ('11945840977','12427003315430');

Insert into gtaimeio.imei_iccid (NU_IMEI_ESN,NU_MSISDN,NU_ICCID,CD_PLANO,DT_ATIVACAO,CD_DEALER_AMDOCS,DT_PRIM_LIGACAO,IN_ULT_IMEI_UTILIZADO,IN_KIT,FL_ATIVACAO_MOBILE,CD_USU_RESP,DT_CRIACAO,DT_ULT_ATUALIZACAO,DT_PRIM_SMS,DT_ULT_LIGACAO,DT_PRIM_RECARGA) 
values ('12427003315430','11945840977','89550531150001919769',null,null,null,to_timestamp('03/07/2012 00:00:00','DD/MM/RR HH24:MI:SSXFF'),'N','N','N','CDR_SH.MTAPROD',to_timestamp('26/07/2012 11:07:41','DD/MM/RR HH24:MI:SSXFF'),to_timestamp('26/07/2012 11:07:41','DD/MM/RR HH24:MI:SSXFF'),null,null,null);


Insert into gtaimeio.imei (NU_IMEI_ESN,CD_PRODUTO_GEMCO,CD_PRODUTO,CD_FORNECEDOR,TX_SENHA_NETLOCK,CD_TIPO_MOVIMENTACAO,IN_KIT,CD_EMPRESA_GRUPO_TELECOM,CD_CANAL_VENDA,CD_FILIAL,DT_VENDA_CANAL,IN_PLANO_VENDA,DT_CRIACAO,DT_ULT_ATUALIZACAO,TX_PROC_USER_ATL,CD_STATUS,IN_IMEI_TA,CD_PRODUTO_SAP,CD_CANAL_VENDA_SAP,CD_FILIAL_SAP,CD_FILIAL_SAIDA,CD_TIPO_NOTA,NU_NOTA,TX_SERIE,VL_PRECO,VL_ICM,VL_MARGEM,FL_REVENDEDOR,CD_OPERADORA_CEMI,FL_IMEI_IMPEDIDO,CD_USU_RESP,NU_NOTA_DEVOLUCAO,CD_SERIE_NOTA_DEVOLUCAO,DT_CRIACAO_DEVOLUCAO,DT_ATUALIZACAO_DEVOLUCAO,DT_ENTRADA_ESTOQUE,NU_CNPJ_CLIENTE_CORP,DS_APARELHO,CD_TECNOLOGIA,FL_COMPRA_DIRETA,FL_VALIDO_SAP,FL_VALIDO_GEMCO,VL_VENDA_APARELHO_ZDEC_SAP,VL_VENDA_APARELHO_ZDEP_SAP,VL_VENDA_APARELHO_PROO_SAP,CD_TIPO_NOTA_DEVOLUCAO,CD_TIPO_MOVIMENTACAO_DEVOLUCAO,CD_AMDOCS_AGENTE_VENDA,VL_MARGEM_FIXA,FL_IMEI_LOTE,SG_ESTADO_ORIGEM,SG_ESTADO_DESTINO,CD_CENTRO_DISTRIBUICAO,CD_TIPO_DOCUMENTO,CD_CONDICAO_PAGTO,PC_IVA,PC_ICMS_UF_ORIGEM,PC_ICMS_UF_DESTINO,IN_TIPO_SUBS_TRIBUTARIA,IN_TIPO_EQUIPAMENTO,NU_DOCUMENTO_SAP,NU_IMEI_FATURADO_MULTICHIP,DT_ACERTO_FINANCEIRO,DT_ACERTO_FINANCEIRO_BACK_TOT,DT_ACERTO_FINANCEIRO_BACK_PARC) 
values ('12426009130413',null,null,133678,null,'SC',null,10,null,null,sysdate,'PRE',sysdate,sysdate,'SAP.MTAPROD','R','S','000000000000015272','C3108','3191',null,51,569110,'17',null,null,null,'N','CLGSM','N','CDR_SH.GTAIMEIO',539547,'12',null,null,null,40432544018518,'AP 4G APPLE IPHONE 6 PLUS DOURADO 16GB I','3G  ','N',null,null,null,null,null,' 51','SC','LOJA',null,'N','MG','MG','90','ZTRA',null,0,0,18,'D','MOVEL',36181097,null,null,null,null);

Insert into gtacemio.cemi_blacklist_aparelhos (NU_IMEI_ESN,DT_INCLUSAO_CEMI,CD_USUARIO_INCLUSAO,DT_ENVIO_INCLUSAO,CD_OPERADORA,NU_BO,TX_LOCAL_BO,NO_CIDADE,SG_UF,DT_BO,DT_EXCLUSAO_CEMI,CD_USUARIO_EXCLUSAO,DT_ENVIO_EXCLUSAO,NU_BO_EXCLUSAO,DT_BO_EXCLUSAO,SQ_ARQUIVO,STATUS,CD_OPERADORA_SSP) 
values ('12426009130413',sysdate,'60001',sysdate,'CLGSM','','','','GL',sysdate,null,'60001',null,'01',null,0,'R',null);

Insert into gtaimeio.msisdn_imei (NU_MSISDN,NU_IMEI_ESN) values ('11945840973','12426009130413');

Insert into gtaimeio.imei_iccid (NU_IMEI_ESN,NU_MSISDN,NU_ICCID,CD_PLANO,DT_ATIVACAO,CD_DEALER_AMDOCS,DT_PRIM_LIGACAO,IN_ULT_IMEI_UTILIZADO,IN_KIT,FL_ATIVACAO_MOBILE,CD_USU_RESP,DT_CRIACAO,DT_ULT_ATUALIZACAO,DT_PRIM_SMS,DT_ULT_LIGACAO,DT_PRIM_RECARGA) 
values ('12426009130413','11945840973','89550531150001919728',null,null,null,to_timestamp('03/07/2012 00:00:00','DD/MM/RR HH24:MI:SSXFF'),'N','N','N','CDR_SH.MTAPROD',to_timestamp('26/07/2012 11:07:41','DD/MM/RR HH24:MI:SSXFF'),to_timestamp('26/07/2012 11:07:41','DD/MM/RR HH24:MI:SSXFF'),null,null,null);


